{"RuleTriggered": 0, "Violations": 0, "Details": {"pin_memory": false, "num_workers": 0, "cores": 36, "dataloaders": 1, "dataloading_time": {"p25": 0.0266275, "p50": 0.027653, "p95": 0.0294383, "probs": [1, 0, 0, 0, 0, 0, 0, 0, 0, 0, 0, 0, 0, 0, 0, 0, 0, 0, 0, 0, 0, 0, 0, 0, 0, 0, 0, 0, 0, 0, 0, 0, 0, 0, 0, 0, 0, 0, 0, 0, 0, 0, 0, 0, 0, 0, 0, 0, 0, 0, 0, 0, 0, 0, 0, 0, 0, 0, 0, 0, 0, 0, 0, 0, 0, 0, 0, 0, 0, 0, 0, 0, 0, 0, 0, 0, 0, 0, 0, 0, 1, 0, 0, 0, 0, 1, 0, 0, 2, 0, 0, 0, 1, 0, 2, 0, 0, 0, 1, 1], "binedges": [0.008264, 0.00847721, 0.00869042, 0.008903630000000001, 0.009116840000000001, 0.009330050000000001, 0.009543260000000001, 0.00975647, 0.00996968, 0.01018289, 0.0103961, 0.01060931, 0.01082252, 0.01103573, 0.01124894, 0.01146215, 0.011675360000000001, 0.011888570000000001, 0.01210178, 0.012314990000000001, 0.0125282, 0.012741410000000002, 0.01295462, 0.01316783, 0.01338104, 0.01359425, 0.01380746, 0.01402067, 0.01423388, 0.01444709, 0.014660300000000001, 0.01487351, 0.015086720000000001, 0.01529993, 0.015513140000000002, 0.01572635, 0.01593956, 0.01615277, 0.016365980000000002, 0.01657919, 0.0167924, 0.01700561, 0.017218820000000003, 0.01743203, 0.01764524, 0.017858449999999998, 0.01807166, 0.01828487, 0.01849808, 0.01871129, 0.0189245, 0.019137710000000002, 0.01935092, 0.01956413, 0.01977734, 0.019990550000000003, 0.02020376, 0.02041697, 0.020630179999999998, 0.02084339, 0.0210566, 0.02126981, 0.02148302, 0.02169623, 0.021909440000000002, 0.02212265, 0.02233586, 0.02254907, 0.022762280000000003, 0.02297549, 0.0231887, 0.023401909999999998, 0.02361512, 0.02382833, 0.02404154, 0.024254750000000002, 0.02446796, 0.02468117, 0.02489438, 0.02510759, 0.0253208, 0.02553401, 0.02574722, 0.02596043, 0.02617364, 0.02638685, 0.026600060000000002, 0.02681327, 0.027026480000000002, 0.02723969, 0.0274529, 0.02766611, 0.02787932, 0.02809253, 0.02830574, 0.02851895, 0.02873216, 0.02894537, 0.02915858, 0.029371790000000002, 0.029585]}}, "Datapoints": 10, "RuleParameters": "min_threshold:70\nmax_threshold:200"}