{"RuleTriggered": 0, "Violations": 0, "Details": {"step_num": {"first": 1663417792179034, "last": 1663420434726619}, "job_start": 1663417733.500591, "job_end": 1663420439.501024}, "Datapoints": 91, "RuleParameters": "threshold:20"}