{"RuleTriggered": 0, "Violations": 0, "Details": {"ratio": {"cpu_functions": 100.0}, "phase": {"Step:ModeKeys.GLOBAL": 114.5017479882545, "others": -14.501747988254488}, "phase_time": {}, "general": {"DataLoaderIterInitialize": 0.005796981525838547, "Forward": 99.9862112394411, "DataLoaderIter": 0.007991779033053299}, "CPU": {"dropout": 3.3503571823007428, "matmul": 12.238736745344239, "mm": 30.910190817533206, "NativeLayerNormBackward": 5.549361456825624, "native_layer_norm_backward": 5.547903615733055, "MmBackward": 20.156026697876047, "GeluBackward": 11.12387198887275, "gelu_backward": 11.123551495514333}, "CPU_total": {"dropout": 9544273, "matmul": 34864893, "mm": 88054880, "NativeLayerNormBackward": 15808649, "native_layer_norm_backward": 15804496, "MmBackward": 57419138, "GeluBackward": 31688941, "gelu_backward": 31688028}}, "Datapoints": 0, "RuleParameters": ""}